﻿n_scheda,campo,valore
41715,n_scheda,41715
41715,cod_sez,CP
41715,n_s_sez,14
41715,autore,"RYAN, CORNELIO J."
41715,titolo,VANGELI DELLE DOMENICHE E DELLE FESTE TALIANO E PASSI PARALLELI - COMM. ESEGETICO E RIFLESSIONI MORALI  MANCANO LE 2 C.GEOGR. MENZIONATE NEL FRONT.
41715,edizione,"III, RIV. E CORR."
41715,luogo_pub,ROMA
41715,editore,LIBR. ED. RELIG. F. FERRARI
41715,data_pub,1913
41715,pagine,"4 F.P.,606"
41715,formato,22
41715,note_sp,INTROD. CRITICA GEOGRAFICA ED ARCHEOLOGICA - TESTO
