﻿n_scheda,campo,valore
41814,n_scheda,41814
41814,cod_sez,IN
41814,n_s_sez,2
41814,autore,"PERRY, A.G. ; POTTER, P.A."
41814,titolo,COLLANA: STRUMENTI DI MEDICINA PRATICA - ASSISTENZA INFERMIERISTICA CLINICA. TECNICHE - PROCEDURE - EMERGENZE. VOL. II
41814,collabor,[TRAD. A CURA DI: ERMANNO DOMENICHINI E GIUSEPPE MARMO]
41814,luogo_pub,TORINO
41814,editore,UTET
41814,data_pub,COPYRIGHT 2003
41814,pagine,XX-816-1675
41814,formato,26.5
41814,collezion,COLLANA: STRUMENTI DI MEDICINA PRATICA. VOL. II
41814,cod_isbn,88-02-06000-2
