﻿n_scheda,campo,valore
41834,n_scheda,41834
41834,cod_sez,IN
41834,n_s_sez,2
41834,autore,"PERRY, A.G. ; POTTER, P.A."
41834,titolo,COLLANA STRUMENTI DI MEDICINA PRATICA. ASSISTENZA INFERMIERISTICA CL INICA - TECNICHE - PROCEDURE - EMERGENZE. VOL. I
41834,collabor,[TRAD. A CURA DI: ERMANNO DOMENICHINI E GIUSEPPE MARMO]
41834,luogo_pub,TORINO
41834,editore,UTET
41834,data_pub,COPYRIGHT 2003
41834,pagine,"XXX,809"
41834,formato,26
41834,collezion,COLLANA STRUMENTI DI MEDICINA PRATICA. VOL. I
41834,cod_isbn,88-02-06000-2
