﻿n_scheda,campo,valore
42012,n_scheda,42012
42012,cod_sez,AE
42012,n_s_sez,3
42012,titolo,"ISTRUZIONE SU ALCUNE QUESTIONI CIRCA LA COLLABORAZIONE DEI FEDELI LA ICI AL MINISTERO DEI SACERDOTI  ESCOVI,L'EVANGELIZZAZIONE, LA VITA CONSACRATA, I LAICI........"
42012,collabor,"CONGREGAZIONE PER IL:CLERO, LA DOTTRINA DELLA FEDE,IL CULTO DIV.,I V"
42012,edizione,I
42012,luogo_pub,MILANO
42012,editore,PAOLINE
42012,data_pub,COPYRIGHT 1997
42012,pagine,44
42012,formato,18
42012,collezion,COLL. MAGISTERO N.270
